Stock symbol ,Price per share ,Transaction Type,Quantity 
IREDA,182.57,Buy,500
TITAGARH,941.5,Buy,5000
TATACOMM,1720.8,Buy,9000
TATATECH,791.45,Buy,1000
VOLTAS,1313,Buy,2001
PEL,1181.3,Buy,900
CYIENT,1341.7,Buy,20000
HINDUNILVR,2389.1,Buy,156
SONACOMS,520.9,Buy,200
HINDZINC,534.5,Buy,650
SHREECEM,30130,Buy,400
TATAPOWER,414.6,Buy,250
VEDL,464.2,Buy,140
HEROMOTOCO,4465.6,Buy,320
SUPREMEIND,4381.9,Buy,580
POLYCAB,6204,Buy,71
PFC,435.2,Buy,200
ADANIPORTS,1467.2,Buy,145
NYKAA,199.99,Buy,65
M&MFIN,282.2,Buy,180
20MICRONS,5,Buy,100
21STCENMGM,10,Buy,101
360ONE,1,Buy,102
3IINFOLTD,10,Buy,103
3MINDIA,10,Buy,104
3PLAND,2,Buy,105
5PAISA,10,Buy,106
63MOONS,2,Buy,107
A2ZINFRA,10,Buy,108
AAATECH,10,Buy,109
AADHARHFC,10,Buy,110
AAKASH,1,Buy,111
AAREYDRUGS,10,Buy,112
AARON,10,Buy,113
AARTECH,5,Buy,114
AARTIDRUGS,10,Buy,115
AARTIIND,5,Buy,116
AARTIPHARM,5,Buy,117
AARTISURF,10,Buy,118
AARVEEDEN,10,Buy,119
AARVI,10,Buy,120
AAVAS,10,Buy,121
ABAN,2,Buy,122
ABB,2,Buy,123
ABBOTINDIA,10,Buy,124
ABCAPITAL,10,Buy,125
ABDL,2,Buy,126
ABFRL,10,Buy,127
ABINFRA,10,Buy,128
ABMINTLLTD,10,Buy,129
ABREL,10,Buy,130
ABSLAMC,5,Buy,131
ACC,10,Buy,132
ACCELYA,10,Buy,133
ACCURACY,1,Buy,134
ACE,2,Buy,135
ACEINTEG,10,Buy,136
ACI,2,Buy,137
ACL,10,Buy,138
ACLGATI,2,Buy,139
ACMESOLAR,2,Buy,140
ACUTAAS,5,Buy,141
ADANIENSOL,10,Buy,142
ADANIENT,1,Buy,143
ADANIGREEN,10,Buy,144
ADANIPORTS,2,Buy,145
ADANIPOWER,10,Buy,146
ADFFOODS,2,Buy,147
ADL,10,Buy,148
ADOR,10,Buy,149
ADROITINFO,10,Buy,150
ADSL,5,Buy,151
ADVANIHOTR,2,Buy,152
ADVENZYMES,2,Buy,153
AEGISLOG,1,Buy,154
AEGISVOPAK,10,Buy,155
AEROFLEX,2,Buy,156
AETHER,10,Buy,157
AFCONS,10,Buy,158
AFFLE,2,Buy,159
AFFORDABLE,10,Buy,160
AFIL,1,Buy,161
AFSL,2,Buy,162
AGARIND,10,Buy,163
AGARWALEYE,1,Buy,164
AGI,2,Buy,165
AGIIL,5,Buy,166
AGRITECH,10,Buy,167
AGROPHOS,10,Buy,168
AGSTRA,10,Buy,169
AHLADA,10,Buy,170
AHLEAST,10,Buy,171
AHLUCONT,2,Buy,172
AIAENG,2,Buy,173
AIIL,1,Buy,174
AIRAN,2,Buy,175
AIROLAM,10,Buy,176
AJANTPHARM,2,Buy,177
AJAXENGG,1,Buy,178
AJMERA,10,Buy,179
AJOONI,2,Buy,180
AKASH,10,Buy,181
AKG,10,Buy,182
AKI,2,Buy,183
AKSHAR,1,Buy,184
AKSHARCHEM,10,Buy,185
AKSHOPTFBR,5,Buy,186
AKUMS,2,Buy,187
AKZOINDIA,10,Buy,188
ALANKIT,1,Buy,189
ALBERTDAVD,10,Buy,190
ALEMBICLTD,2,Buy,191
ALICON,5,Buy,192
ALIVUS,2,Buy,193
ALKALI,10,Buy,194
ALKEM,2,Buy,195
ALKYLAMINE,2,Buy,196
ALLCARGO,2,Buy,197
ALLDIGI,10,Buy,198
ALMONDZ,1,Buy,199
ALOKINDS,1,Buy,200
ALPA,10,Buy,201
ALPHAGEO,10,Buy,202
ALPSINDUS,10,Buy,203
AMBER,10,Buy,204
AMBICAAGAR,10,Buy,205
AMBIKCO,10,Buy,206
AMBUJACEM,2,Buy,207
AMDIND,10,Buy,208
AMJLAND,2,Buy,209
AMNPLST,2,Buy,210
AMRUTANJAN,1,Buy,211
ANANDRATHI,5,Buy,212
ANANTRAJ,2,Buy,213
ANDHRAPAP,2,Buy,214
ANDHRSUGAR,2,Buy,215
ANGELONE,10,Buy,216
ANIKINDS,10,Buy,217
ANKITMETAL,10,Buy,218
ANMOL,10,Buy,219
ANSALAPI,5,Buy,220
ANTGRAPHIC,1,Buy,221
ANUHPHR,5,Buy,222
ANUP,10,Buy,223
ANURAS,10,Buy,224
APARINDS,10,Buy,225
APCL,10,Buy,226
APCOTEXIND,2,Buy,227
APEX,10,Buy,228
APLAPOLLO,2,Buy,229
APLLTD,2,Buy,230
APOLLO,1,Buy,231
APOLLOHOSP,5,Buy,232
APOLLOPIPE,10,Buy,233
APOLLOTYRE,1,Buy,234
APOLSINHOT,5,Buy,235
APTECHT,10,Buy,236
APTUS,2,Buy,237
ARCHIDPLY,10,Buy,238
ARCHIES,2,Buy,239
ARE&M,1,Buy,240
ARENTERP,10,Buy,241
ARIES,10,Buy,242
ARIHANTCAP,1,Buy,243
ARIHANTSUP,10,Buy,244
ARKADE,10,Buy,245
ARMANFIN,10,Buy,246
AROGRANITE,10,Buy,247
ARROWGREEN,10,Buy,248
ARSHIYA,2,Buy,249
ARTEMISMED,1,Buy,250
ARTNIRMAN,10,Buy,251
ARVEE,10,Buy,252
ARVIND,10,Buy,253
ARVINDFASN,4,Buy,254
ARVSMART,10,Buy,255
ASAHIINDIA,1,Buy,256
ASAHISONG,10,Buy,257
ASAL,10,Buy,258
ASALCBR,10,Buy,259
ASHAPURMIN,2,Buy,260
ASHIANA,2,Buy,261
ASHIMASYN,10,Buy,262
ASHOKA,5,Buy,263
ASHOKAMET,10,Buy,264
ASHOKLEY,1,Buy,265
ASIANENE,10,Buy,266
ASIANHOTNR,10,Buy,267
ASIANPAINT,1,Buy,268
ASIANTILES,10,Buy,269
ASKAUTOLTD,2,Buy,270
ASMS,1,Buy,271
ASPINWALL,10,Buy,272
ASTEC,10,Buy,273
ASTERDM,10,Buy,274
ASTRAL,1,Buy,275
ASTRAMICRO,2,Buy,276
ASTRAZEN,2,Buy,277
ASTRON,10,Buy,278
ATALREAL,2,Buy,279
ATAM,10,Buy,280
ATGL,1,Buy,281
ATHERENERG,1,Buy,282
ATL,2,Buy,283
ATLANTAA,2,Buy,284
ATLASCYCLE,5,Buy,285
ATUL,10,Buy,286
ATULAUTO,5,Buy,287
AUBANK,10,Buy,288
AURIONPRO,10,Buy,289
AUROPHARMA,1,Buy,290
AURUM,5,Buy,291
AUSOMENT,10,Buy,292
AUTOAXLES,10,Buy,293
AUTOIND,10,Buy,294
AVADHSUGAR,10,Buy,295
AVALON,2,Buy,296
AVANTEL,2,Buy,297
AVANTIFEED,1,Buy,298
AVG,10,Buy,299
AVL,1,Buy,300
AVONMORE,1,Buy,301
AVROIND,10,Buy,302
AVTNPL,1,Buy,303
AWFIS,10,Buy,304
AWHCL,5,Buy,305
AWL,1,Buy,306
AXISBANK,2,Buy,307
AXISCADES,5,Buy,308
AXITA,1,Buy,309
AYMSYNTEX,10,Buy,310
AZAD,2,Buy,311
BAFNAPH,10,Buy,312
BAGFILMS,2,Buy,313
BAIDFIN,2,Buy,314
BAJAJ-AUTO,10,Buy,315
BAJAJCON,1,Buy,316
BAJAJELEC,2,Buy,317
BAJAJFINSV,1,Buy,318
BAJAJHCARE,5,Buy,319
BAJAJHFL,10,Buy,320
BAJAJHIND,1,Buy,321
BAJAJHLDNG,10,Buy,322
BAJAJINDEF,1,Buy,323
BAJEL,2,Buy,324
BAJFINANCE,2,Buy,325
BALAJEE,10,Buy,326
BALAJITELE,2,Buy,327
BALAMINES,2,Buy,328
BALAXI,2,Buy,329
BALKRISHNA,10,Buy,330
BALKRISIND,2,Buy,331
BALMLAWRIE,10,Buy,332
BALPHARMA,10,Buy,333
BALRAMCHIN,1,Buy,334
BALUFORGE,10,Buy,335
BANARBEADS,10,Buy,336
BANARISUG,10,Buy,337
BANCOINDIA,2,Buy,338
BANDHANBNK,10,Buy,339
BANG,10,Buy,340
BANKA,10,Buy,341
BANKBARODA,2,Buy,342
BANKINDIA,10,Buy,343
BANSALWIRE,5,Buy,344
BANSWRAS,5,Buy,345
BARBEQUE,5,Buy,346
BASF,10,Buy,347
BASML,5,Buy,348
BATAINDIA,5,Buy,349
BAYERCROP,10,Buy,350
BBL,5,Buy,351
BBOX,2,Buy,352
BBTC,2,Buy,353
BBTCL,10,Buy,354
BCLIND,1,Buy,355
BCONCEPTS,10,Buy,356
BDL,5,Buy,357
BEARDSELL,2,Buy,358
BECTORFOOD,10,Buy,359
BEDMUTHA,10,Buy,360
BEL,1,Buy,361
BELRISE,5,Buy,362
BEML,10,Buy,363
BEPL,1,Buy,364
BERGEPAINT,1,Buy,365
BESTAGRO,10,Buy,366
BFINVEST,5,Buy,367
BFUTILITIE,5,Buy,368
BGRENERGY,10,Buy,369
BHAGCHEM,1,Buy,370
BHAGERIA,5,Buy,371
BHAGYANGR,2,Buy,372
BHANDARI,1,Buy,373
BHARATFORG,2,Buy,374
BHARATGEAR,10,Buy,375
BHARATRAS,10,Buy,376
BHARATSE,2,Buy,377
BHARATWIRE,10,Buy,378
BHARTIARTL,5,Buy,379
BHARTIHEXA,5,Buy,380
BHEL,2,Buy,381
BIGBLOC,2,Buy,382
BIKAJI,1,Buy,383
BIL,10,Buy,384
BINANIIND,10,Buy,385
BIOCON,5,Buy,386
BIOFILCHEM,10,Buy,387
BIRLACABLE,10,Buy,388
BIRLACORPN,10,Buy,389
BIRLAMONEY,1,Buy,390
BIRLANU,10,Buy,391
BLACKBUCK,1,Buy,392
BLAL,10,Buy,393
BLBLIMITED,1,Buy,394
BLISSGVS,1,Buy,395
BLKASHYAP,1,Buy,396
BLS,1,Buy,397
BLSE,10,Buy,398
BLUECOAST,10,Buy,399
BLUEDART,10,Buy,400
BLUEJET,2,Buy,401
BLUESTARCO,2,Buy,402
BLUSPRING,10,Buy,403
BODALCHEM,2,Buy,404
BOHRAIND,10,Buy,405
BOMDYEING,2,Buy,406
BORANA,10,Buy,407
BOROLTD,1,Buy,408
BORORENEW,1,Buy,409
BOROSCI,1,Buy,410
BOSCHLTD,10,Buy,411
BPCL,10,Buy,412
BPL,10,Buy,413
BRIGADE,10,Buy,414
BRITANNIA,1,Buy,415
BRNL,10,Buy,416
BROOKS,10,Buy,417
BSE,2,Buy,418
BSHSL,1,Buy,419
BSL,10,Buy,420
BSOFT,2,Buy,421
BTML,1,Buy,422
BUTTERFLY,10,Buy,423
BVCL,10,Buy,424
BYKE,10,Buy,425
CALSOFT,10,Buy,426
CAMLINFINE,1,Buy,427
CAMPUS,5,Buy,428
CAMS,10,Buy,429
CANBK,2,Buy,430
CANFINHOME,2,Buy,431
CANTABIL,2,Buy,432
CAPACITE,10,Buy,433
CAPITALSFB,10,Buy,434
CAPLIPOINT,2,Buy,435
CAPTRUST,10,Buy,436
CARBORUNIV,1,Buy,437
CARERATING,10,Buy,438
CARRARO,10,Buy,439
CARTRADE,10,Buy,440
CARYSIL,2,Buy,441
CASTROLIND,5,Buy,442
CCCL,2,Buy,443
CCHHL,2,Buy,444
CCL,2,Buy,445
CDSL,10,Buy,446
CEATLTD,10,Buy,447
CEIGALL,5,Buy,448
CELEBRITY,10,Buy,449
CELLO,5,Buy,450
CENTENKA,10,Buy,451
CENTEXT,1,Buy,452
CENTRALBK,10,Buy,453
CENTRUM,1,Buy,454
CENTUM,10,Buy,455
CENTURYPLY,1,Buy,456
CERA,5,Buy,457
CEREBRAINT,10,Buy,458
CESC,1,Buy,459
CEWATER,5,Buy,460
CGCL,1,Buy,461
CGPOWER,2,Buy,462
CHALET,10,Buy,463
CHAMBLFERT,10,Buy,464
CHEMBOND,5,Buy,465
CHEMCON,10,Buy,466
CHEMFAB,10,Buy,467
CHEMPLASTS,5,Buy,468
CHENNPETRO,10,Buy,469
CHEVIOT,10,Buy,470
CHOICEIN,10,Buy,471
CHOLAFIN,2,Buy,472
CHOLAHLDNG,1,Buy,473
CIEINDIA,10,Buy,474
CIFL,2,Buy,475
CIGNITITEC,10,Buy,476
CINELINE,5,Buy,477
CINEVISTA,2,Buy,478
CIPLA,2,Buy,479
CLEAN,1,Buy,480
CLEDUCATE,5,Buy,481
CLSEL,2,Buy,482
CMSINFO,10,Buy,483
COALINDIA,10,Buy,484
COASTCORP,2,Buy,485
COCHINSHIP,5,Buy,486
COFFEEDAY,10,Buy,487
COFORGE,2,Buy,488
COHANCE,1,Buy,489
COLPAL,1,Buy,490
COMPINFO,2,Buy,491
COMPUSOFT,2,Buy,492
COMSYN,10,Buy,493
CONCOR,5,Buy,494
CONCORDBIO,1,Buy,495
CONFIPET,1,Buy,496
CONSOFINVT,10,Buy,497
CONTROLPR,10,Buy,498
CORALFINAC,2,Buy,499
CORDSCABLE,10,Buy,500
COROMANDEL,1,Buy,501
COSMOFIRST,10,Buy,502
COUNCODOS,1,Buy,503
CPCAP,10,Buy,504
CRAFTSMAN,5,Buy,505
CREATIVE,10,Buy,506
CREATIVEYE,5,Buy,507
CREDITACC,10,Buy,508
CREST,10,Buy,509
CRISIL,1,Buy,510
CROMPTON,2,Buy,511
CROWN,10,Buy,512
CSBBANK,10,Buy,513
CSLFINANCE,10,Buy,514
CTE,10,Buy,515
CUB,1,Buy,516
CUBEXTUB,10,Buy,517
CUMMINSIND,2,Buy,518
CUPID,1,Buy,519
CURAA,10,Buy,520
CYBERMEDIA,10,Buy,521
CYBERTECH,10,Buy,522
CYIENT,5,Buy,523
CYIENTDLM,10,Buy,524
DABUR,1,Buy,525
DALBHARAT,2,Buy,526
DALMIASUG,2,Buy,527
DAMCAPITAL,2,Buy,528
DAMODARIND,5,Buy,529
DANGEE,1,Buy,530
DATAMATICS,5,Buy,531
DATAPATTNS,2,Buy,532
DAVANGERE,1,Buy,533
DBCORP,10,Buy,534
DBEIL,10,Buy,535
DBL,10,Buy,536
DBOL,10,Buy,537
DBREALTY,10,Buy,538
DBSTOCKBRO,2,Buy,539
DCAL,2,Buy,540
DCBBANK,10,Buy,541
DCI,10,Buy,542
DCM,10,Buy,543
DCMFINSERV,10,Buy,544
DCMNVL,10,Buy,545
DCMSHRIRAM,2,Buy,546
DCMSRIND,2,Buy,547
DCW,2,Buy,548
DCXINDIA,2,Buy,549
DDEVPLSTIK,1,Buy,550
DECCANCE,5,Buy,551
DEEDEV,10,Buy,552
DEEPAKFERT,10,Buy,553
DEEPAKNTR,2,Buy,554
DEEPINDS,5,Buy,555
DELHIVERY,1,Buy,556
DELPHIFX,10,Buy,557
DELTACORP,1,Buy,558
DELTAMAGNT,10,Buy,559
DEN,10,Buy,560
DENORA,10,Buy,561
DENTA,10,Buy,562
DEVIT,5,Buy,563
DEVYANI,1,Buy,564
DGCONTENT,2,Buy,565
DHAMPURSUG,10,Buy,566
DHANBANK,10,Buy,567
DHANI,2,Buy,568
DHANUKA,2,Buy,569
DHARMAJ,10,Buy,570
DHRUV,10,Buy,571
DHUNINV,10,Buy,572
DIACABS,1,Buy,573
DIAMINESQ,10,Buy,574
DIAMONDYD,5,Buy,575
DICIND,10,Buy,576
DIFFNKG,10,Buy,577
DIGIDRIVE,10,Buy,578
DIGISPICE,3,Buy,579
DIGITIDE,10,Buy,580
DIGJAMLMTD,10,Buy,581
DIL,10,Buy,582
DISHTV,1,Buy,583
DIVGIITTS,5,Buy,584
DIVISLAB,2,Buy,585
DIXON,2,Buy,586
DJML,10,Buy,587
DLF,2,Buy,588
DLINKINDIA,2,Buy,589
DMART,10,Buy,590
DMCC,10,Buy,591
DNAMEDIA,1,Buy,592
DODLA,10,Buy,593
DOLATALGO,1,Buy,594
DOLLAR,2,Buy,595
DOLPHIN,1,Buy,596
DOMS,10,Buy,597
DONEAR,2,Buy,598
DPABHUSHAN,10,Buy,320
DPSCLTD,1,Buy,321
DPWIRES,10,Buy,322
DRCSYSTEMS,1,Buy,323
DREAMFOLKS,2,Buy,324
DREDGECORP,10,Buy,325
DRREDDY,1,Buy,326
DSSL,10,Buy,327
DTIL,10,Buy,328
DUCON,1,Buy,329
DVL,10,Buy,330
DWARKESH,1,Buy,331
DYCL,10,Buy,332
DYNAMATECH,10,Buy,333
DYNPRO,10,Buy,334
E2E,10,Buy,335
EASEMYTRIP,1,Buy,336
ECLERX,10,Buy,337
ECOSMOBLTY,2,Buy,338
EDELWEISS,1,Buy,339
EICHERMOT,1,Buy,340
EIDPARRY,1,Buy,341
EIEL,10,Buy,342
EIFFL,10,Buy,343
EIHAHOTELS,10,Buy,344
EIHOTEL,2,Buy,345
EIMCOELECO,10,Buy,346
EKC,2,Buy,347
ELDEHSG,2,Buy,348
ELECON,1,Buy,349
ELECTCAST,1,Buy,350
ELECTHERM,10,Buy,351
ELGIEQUIP,1,Buy,352
ELGIRUBCO,1,Buy,353
ELIN,5,Buy,354
EMAMILTD,1,Buy,355
EMAMIPAP,2,Buy,356
EMAMIREAL,2,Buy,357
EMBDL,2,Buy,358
EMCURE,10,Buy,359
EMIL,10,Buy,360
EMKAY,10,Buy,361
EMMBI,10,Buy,362
EMSLIMITED,10,Buy,363
EMUDHRA,5,Buy,364
ENDURANCE,10,Buy,365
ENERGYDEV,10,Buy,366
ENGINERSIN,5,Buy,367
ENIL,10,Buy,368
ENTERO,10,Buy,369
EPACK,10,Buy,370
EPIGRAL,10,Buy,371
EPL,2,Buy,372
EQUIPPP,1,Buy,373
EQUITASBNK,10,Buy,374
ERIS,1,Buy,375
ESABINDIA,10,Buy,376
ESAFSFB,10,Buy,377
ESCORTS,10,Buy,378
ESSARSHPNG,10,Buy,379
ESSENTIA,1,Buy,380
ESTER,5,Buy,381
ETERNAL,1,Buy,382
ETHOSLTD,10,Buy,383
EUREKAFORB,10,Buy,384
EUROTEXIND,10,Buy,385
EVEREADY,5,Buy,386
EVERESTIND,10,Buy,387
EXCEL,1,Buy,388
EXCELINDUS,5,Buy,389
EXICOM,10,Buy,390
EXIDEIND,1,Buy,391
EXPLEOSOL,10,Buy,392
EXXARO,1,Buy,393
FACT,10,Buy,394
FAIRCHEMOR,10,Buy,395
FAZE3Q,10,Buy,396
FCL,2,Buy,397
FCSSOFT,1,Buy,398
FDC,1,Buy,399
FEDERALBNK,2,Buy,400
FEDFINA,10,Buy,401
FEL,2,Buy,402
FELDVR,2,Buy,403
FIBERWEB,10,Buy,404
FIEMIND,10,Buy,405
FILATEX,1,Buy,406
FILATFASH,1,Buy,407
FINCABLES,2,Buy,408
FINEORG,5,Buy,409
FINOPB,10,Buy,410
FINPIPE,2,Buy,411
FIRSTCRY,2,Buy,412
FIVESTAR,1,Buy,413
FLAIR,5,Buy,414
FLEXITUFF,10,Buy,415
FLFL,2,Buy,416
FLUOROCHEM,1,Buy,417
FMGOETZE,10,Buy,418
FMNL,10,Buy,419
FOCUS,2,Buy,420
FOODSIN,1,Buy,421
FORCEMOT,10,Buy,422
FORTIS,10,Buy,423
FOSECOIND,10,Buy,424
FSC,10,Buy,425
FSL,10,Buy,426
FUSION,10,Buy,427
GABRIEL,1,Buy,428
GAEL,1,Buy,429
GAIL,10,Buy,430
GALAPREC,10,Buy,431
GALAXYSURF,10,Buy,432
GALLANTT,10,Buy,433
GANDHAR,2,Buy,434
GANDHITUBE,5,Buy,435
GANECOS,10,Buy,436
GANESHBE,1,Buy,437
GANESHHOUC,10,Buy,438
GANGAFORGE,1,Buy,439
GANGESSECU,10,Buy,440
GARFIBRES,10,Buy,441
GARUDA,5,Buy,442
GATECH,1,Buy,443
GATECHDVR,1,Buy,444
GATEWAY,10,Buy,445
GAYAHWS,2,Buy,446
GAYAPROJ,2,Buy,447
GEECEE,10,Buy,448
GEEKAYWIRE,2,Buy,449
GENCON,5,Buy,450
GENESYS,5,Buy,451
GENSOL,10,Buy,452
GENUSPAPER,1,Buy,453
GENUSPOWER,1,Buy,454
GEOJITFSL,1,Buy,455
GEPIL,10,Buy,456
GESHIP,10,Buy,457
GFLLIMITED,1,Buy,458
GHCL,10,Buy,459
GHCLTEXTIL,2,Buy,460
GICHSGFIN,10,Buy,461
GICRE,5,Buy,462
GILLANDERS,10,Buy,463
GILLETTE,10,Buy,464
GINNIFILA,10,Buy,465
GIPCL,10,Buy,466
GKWLIMITED,10,Buy,467
GLAND,1,Buy,468
GLAXO,10,Buy,469
GLENMARK,1,Buy,470
GLFL,10,Buy,471
GLOBAL,2,Buy,472
GLOBALE,10,Buy,473
GLOBALVECT,10,Buy,474
GLOBE,2,Buy,475
GLOBUSSPR,10,Buy,476
GLOSTERLTD,10,Buy,477
GMBREW,10,Buy,478
GMDCLTD,2,Buy,479
GMMPFAUDLR,2,Buy,480
GMRAIRPORT,1,Buy,481
GMRP&UI,5,Buy,482
GNA,10,Buy,483
GNFC,10,Buy,484
GOACARBON,10,Buy,485
GOCLCORP,2,Buy,486
GOCOLORS,10,Buy,487
GODAVARIB,10,Buy,488
GODFRYPHLP,2,Buy,489
GODHA,1,Buy,490
GODIGIT,10,Buy,491
GODREJAGRO,10,Buy,492
GODREJCP,1,Buy,493
GODREJIND,1,Buy,494
GODREJPROP,5,Buy,495
GOENKA,1,Buy,496
GOKEX,5,Buy,497
GOKUL,2,Buy,498
GOKULAGRO,2,Buy,499
GOLDENTOBC,10,Buy,500
GOLDIAM,2,Buy,501
GOLDTECH,10,Buy,502
GOODLUCK,2,Buy,503
GOPAL,1,Buy,504
GOYALALUM,1,Buy,505
GPIL,1,Buy,506
GPPL,10,Buy,507
GPTHEALTH,10,Buy,508
GPTINFRA,10,Buy,509
GRANULES,1,Buy,510
GRAPHITE,2,Buy,511
GRASIM,2,Buy,512
GRAVITA,2,Buy,513
GREAVESCOT,2,Buy,514
GREENLAM,1,Buy,515
GREENPANEL,1,Buy,516
GREENPLY,1,Buy,517
GREENPOWER,10,Buy,518
GRINDWELL,5,Buy,519
GRINFRA,5,Buy,520
GRMOVER,2,Buy,521
GROBTEA,10,Buy,522
GRPLTD,10,Buy,523
GRSE,10,Buy,1500
GRWRHITECH,10,Buy,1501
GSFC,2,Buy,1502
GSLSU,10,Buy,1503
GSPL,10,Buy,1504
GSS,10,Buy,1505
GTECJAINX,10,Buy,1506
GTL,10,Buy,1507
GTLINFRA,10,Buy,1508
GTPL,10,Buy,1509
GUFICBIO,1,Buy,1510
GUJALKALI,10,Buy,1511
GUJAPOLLO,10,Buy,1512
GUJGASLTD,2,Buy,1513
GUJRAFFIA,10,Buy,1514
GUJTHEM,1,Buy,1515
GULFOILLUB,2,Buy,1516
GULFPETRO,5,Buy,1517
GULPOLY,1,Buy,1518
GVKPIL,1,Buy,1519
GVPTECH,2,Buy,1520
GVT&D,2,Buy,1521
HAL,5,Buy,1522
HAPPSTMNDS,2,Buy,1523
HAPPYFORGE,2,Buy,1524
HARDWYN,1,Buy,1525
HARIOMPIPE,10,Buy,1526
HARRMALAYA,10,Buy,1527
HARSHA,10,Buy,1528
HATHWAY,2,Buy,1529
HATSUN,1,Buy,1530
HAVELLS,1,Buy,1531
HAVISHA,2,Buy,1532
HBLENGINE,1,Buy,1533
HBSL,10,Buy,1534
HCC,1,Buy,1535
HCG,10,Buy,1536
HCL-INSYS,2,Buy,1537
HCLTECH,2,Buy,1538
HDFCAMC,5,Buy,1539
HDFCBANK,1,Buy,1540
HDFCLIFE,10,Buy,1541
HEADSUP,10,Buy,1542
HECPROJECT,10,Buy,1543
HEG,2,Buy,1544
HEIDELBERG,10,Buy,1545
HEMIPROP,10,Buy,1546
HERANBA,10,Buy,1547
HERCULES,1,Buy,1548
HERITGFOOD,5,Buy,1549
HEROMOTOCO,2,Buy,1550
HESTERBIO,10,Buy,1551
HEUBACHIND,10,Buy,1552
HEXATRADEX,2,Buy,1553
HEXT,1,Buy,1554
HFCL,1,Buy,1555
HGINFRA,10,Buy,1556
HGS,10,Buy,1557
HIKAL,2,Buy,1558
HILTON,10,Buy,1559
HIMATSEIDE,5,Buy,1560
HINDALCO,1,Buy,1561
HINDCOMPOS,5,Buy,1562
HINDCON,2,Buy,1563
HINDCOPPER,5,Buy,1564
HINDMOTORS,5,Buy,1565
HINDOILEXP,10,Buy,1566
HINDPETRO,10,Buy,1567
HINDUNILVR,1,Buy,1568
HINDWAREAP,2,Buy,1569
HINDZINC,2,Buy,1570
HIRECT,2,Buy,1571
HISARMETAL,10,Buy,1572
HITECH,1,Buy,1573
HITECHCORP,10,Buy,1574
HITECHGEAR,10,Buy,1575
HLEGLAS,2,Buy,1576
HLVLTD,2,Buy,1577
HMAAGRO,1,Buy,1578
HMT,10,Buy,1579
HMVL,10,Buy,1580
HNDFDS,2,Buy,1581
HOMEFIRST,2,Buy,1582
HONASA,10,Buy,1583
HONAUT,10,Buy,1584
HONDAPOWER,10,Buy,1585
HOVS,10,Buy,1586
HPAL,2,Buy,1587
HPIL,10,Buy,1588
HPL,10,Buy,1589
HSCL,1,Buy,1590
HTMEDIA,2,Buy,1591
HUBTOWN,10,Buy,1592
HUDCO,10,Buy,1593
HUHTAMAKI,2,Buy,1594
HYBRIDFIN,5,Buy,1595
HYUNDAI,10,Buy,1596
ICDSLTD,10,Buy,1597
ICEMAKE,10,Buy,1598
ICICIBANK,2,Buy,1599
ICICIGI,10,Buy,1600
ICICIPRULI,10,Buy,1601
ICIL,2,Buy,1602
ICRA,10,Buy,1603
IDBI,10,Buy,1604
IDEA,10,Buy,1605
IDEAFORGE,10,Buy,1606
IDFCFIRSTB,10,Buy,1607
IEL,2,Buy,1608
IEX,1,Buy,1609
IFBAGRO,10,Buy,1610
IFBIND,10,Buy,1611
IFCI,10,Buy,1612
IFGLEXPOR,10,Buy,1613
IGARASHI,10,Buy,1614
IGIL,2,Buy,1615
IGL,2,Buy,1616
IGPL,10,Buy,1617
IIFL,2,Buy,1618
IIFLCAPS,2,Buy,1619
IITL,10,Buy,1620
IKIO,10,Buy,1621
IKS,1,Buy,1622
IL&FSENGG,10,Buy,1623
IL&FSTRANS,10,Buy,1624
IMAGICAA,10,Buy,1625
IMFA,10,Buy,1626
IMPAL,10,Buy,1627
IMPEXFERRO,10,Buy,1628
INCREDIBLE,10,Buy,1629
INDBANK,10,Buy,1630
INDGN,2,Buy,1631
INDHOTEL,1,Buy,1632
INDIACEM,10,Buy,1633
INDIAGLYCO,10,Buy,1634
INDIAMART,10,Buy,1635
INDIANB,10,Buy,1636
INDIANCARD,10,Buy,1637
INDIANHUME,2,Buy,1638
INDIASHLTR,5,Buy,1639
INDIGO,10,Buy,1640
INDIGOPNTS,10,Buy,240
INDNIPPON,5,Buy,241
INDOAMIN,5,Buy,242
INDOBORAX,1,Buy,243
INDOCO,2,Buy,244
INDOFARM,10,Buy,245
INDORAMA,10,Buy,246
INDOSTAR,10,Buy,247
INDOTECH,10,Buy,248
INDOTHAI,10,Buy,249
INDOUS,10,Buy,250
INDOWIND,10,Buy,251
INDRAMEDCO,10,Buy,252
INDSWFTLAB,10,Buy,253
INDSWFTLTD,2,Buy,254
INDTERRAIN,2,Buy,255
INDUSINDBK,10,Buy,256
INDUSTOWER,10,Buy,257
INFIBEAM,1,Buy,258
INFOBEAN,10,Buy,259
INFOMEDIA,10,Buy,260
INFY,5,Buy,261
INGERRAND,10,Buy,262
INNOVACAP,10,Buy,263
INNOVANA,10,Buy,264
INOXGREEN,10,Buy,265
INOXINDIA,2,Buy,266
INOXWIND,10,Buy,267
INSECTICID,10,Buy,268
INSPIRISYS,10,Buy,269
INTELLECT,5,Buy,270
INTENTECH,2,Buy,271
INTERARCH,10,Buy,272
INTLCONV,1,Buy,273
INVENTURE,1,Buy,274
IOB,10,Buy,275
IOC,10,Buy,276
IOLCP,2,Buy,277
IONEXCHANG,1,Buy,278
IPCALAB,1,Buy,279
IPL,1,Buy,280
IRB,1,Buy,281
IRCON,2,Buy,282
IRCTC,2,Buy,283
IREDA,10,Buy,284
IRFC,10,Buy,285
IRIS,10,Buy,286
IRISDOREME,2,Buy,287
IRMENERGY,10,Buy,288
ISFT,10,Buy,289
ISGEC,1,Buy,290
ISHANCH,10,Buy,291
ITC,1,Buy,292
ITCHOTELS,1,Buy,293
ITDC,10,Buy,294
ITDCEM,1,Buy,295
ITI,10,Buy,296
IVC,2,Buy,297
IVP,10,Buy,298
IWEL,10,Buy,299
IXIGO,1,Buy,300
IZMO,10,Buy,301
J&KBANK,1,Buy,302
JAGRAN,2,Buy,303
JAGSNPHARM,2,Buy,304
JAIBALAJI,2,Buy,305
JAICORPLTD,1,Buy,306
JAIPURKURT,10,Buy,307
JAMNAAUTO,1,Buy,308
JASH,2,Buy,309
JAYAGROGN,5,Buy,310
JAYBARMARU,2,Buy,311
JAYNECOIND,10,Buy,312
JAYSREETEA,5,Buy,313
JBCHEPHARM,1,Buy,314
JBMA,1,Buy,315
JCHAC,10,Buy,316
JETFREIGHT,5,Buy,317
JGCHEM,10,Buy,318
JHS,10,Buy,319
JINDALPHOT,10,Buy,320
JINDALPOLY,10,Buy,321
JINDALSAW,1,Buy,322
JINDALSTEL,1,Buy,323
JINDRILL,5,Buy,324
JINDWORLD,1,Buy,325
JIOFIN,10,Buy,326
JISLDVREQS,2,Buy,327
JISLJALEQS,2,Buy,328
JITFINFRA,2,Buy,329
JKCEMENT,10,Buy,330
JKIL,5,Buy,331
JKLAKSHMI,5,Buy,332
JKPAPER,10,Buy,333
JKTYRE,2,Buy,334
JLHL,10,Buy,335
JMA,2,Buy,336
JMFINANCIL,1,Buy,337
JNKINDIA,2,Buy,338
JOCIL,10,Buy,339
JPOLYINVST,10,Buy,340
JPPOWER,10,Buy,341
JSFB,10,Buy,342
JSL,2,Buy,343
JSWENERGY,10,Buy,344
JSWHL,10,Buy,345
JSWINFRA,2,Buy,346
JSWSTEEL,1,Buy,347
JTEKTINDIA,1,Buy,348
JTLIND,1,Buy,349
JUBLCPL,10,Buy,350
JUBLFOOD,2,Buy,351
JUBLINGREA,1,Buy,352
JUBLPHARMA,1,Buy,353
JUNIPER,10,Buy,354
JUSTDIAL,10,Buy,355
JWL,10,Buy,356
JYOTHYLAB,1,Buy,357
JYOTICNC,2,Buy,358
JYOTISTRUC,2,Buy,359
KABRAEXTRU,5,Buy,360
KAJARIACER,1,Buy,361
KAKATCEM,10,Buy,362
KALAMANDIR,2,Buy,363
KALYANI,10,Buy,364
KALYANIFRG,10,Buy,365
KALYANKJIL,10,Buy,366
KAMATHOTEL,10,Buy,367
KAMDHENU,1,Buy,368
KAMOPAINTS,1,Buy,369
KANANIIND,1,Buy,370
KANORICHEM,5,Buy,371
KANPRPLA,10,Buy,372
KANSAINER,1,Buy,373
KAPSTON,5,Buy,374
KARMAENG,10,Buy,375
KARURVYSYA,2,Buy,376
KAUSHALYA,1000,Buy,377
KAVVERITEL,10,Buy,378
KAYA,10,Buy,379
KAYNES,10,Buy,380
KBCGLOBAL,1,Buy,381
KCP,1,Buy,382
KCPSUGIND,1,Buy,383
KDDL,10,Buy,384
KEC,2,Buy,385
KECL,10,Buy,386
KEEPLEARN,1,Buy,387
KEI,2,Buy,388
KELLTONTEC,5,Buy,389
KERNEX,10,Buy,390
KESORAMIND,10,Buy,391
KEYFINSERV,10,Buy,392
KFINTECH,10,Buy,393
KHADIM,10,Buy,394
KHAICHEM,1,Buy,395
KHAITANLTD,10,Buy,396
KHANDSE,10,Buy,397
KICL,10,Buy,398
KILITCH,10,Buy,399
KIMS,2,Buy,400
KINGFA,10,Buy,401
KIOCL,10,Buy,402
KIRIINDUS,10,Buy,403
KIRLOSBROS,2,Buy,404
KIRLOSENG,2,Buy,405
KIRLOSIND,10,Buy,406
KIRLPNU,2,Buy,407
KITEX,1,Buy,408
KKCL,10,Buy,409
KMEW,10,Buy,410
KMSUGAR,2,Buy,411
KNRCON,2,Buy,412
KOHINOOR,10,Buy,413
KOKUYOCMLN,1,Buy,414
KOLTEPATIL,10,Buy,415
KOPRAN,10,Buy,416
KOTAKBANK,5,Buy,417
KOTARISUG,10,Buy,418
KOTHARIPET,10,Buy,419
KOTHARIPRO,10,Buy,420
KPEL,5,Buy,421
KPIGREEN,5,Buy,422
KPIL,2,Buy,423
KPITTECH,10,Buy,424
KPRMILL,1,Buy,425
KRBL,1,Buy,426
KREBSBIO,10,Buy,427
KRIDHANINF,2,Buy,428
KRISHANA,10,Buy,429
KRITI,1,Buy,430
KRITIKA,2,Buy,431
KRITINUT,1,Buy,432
KRN,10,Buy,433
KRONOX,10,Buy,434
KROSS,5,Buy,435
KRSNAA,5,Buy,436
KRYSTAL,10,Buy,437
KSB,2,Buy,438
KSCL,2,Buy,439
KSHITIJPOL,2,Buy,440
KSL,5,Buy,441
KSOLVES,5,Buy,442
KTKBANK,10,Buy,443
KUANTUM,1,Buy,444
LAGNAM,10,Buy,445
LAKPRE,10,Buy,446
LAL,1,Buy,447
LALPATHLAB,10,Buy,448
LAMBODHARA,5,Buy,449
LANCORHOL,2,Buy,450
LANDMARK,5,Buy,451
LAOPALA,2,Buy,452
LASA,10,Buy,453
LATENTVIEW,1,Buy,454
LATTEYS,2,Buy,455
LAURUSLABS,2,Buy,456
LAXMICOT,10,Buy,457
LAXMIDENTL,2,Buy,458
LCCINFOTEC,2,Buy,459
LEMONTREE,10,Buy,460
LEXUS,10,Buy,461
LFIC,10,Buy,462
LGBBROSLTD,10,Buy,463
LGHL,10,Buy,464
LIBAS,10,Buy,465
LIBERTSHOE,10,Buy,466
LICHSGFIN,2,Buy,467
LICI,10,Buy,468
LIKHITHA,5,Buy,469
LINC,5,Buy,470
LINCOLN,10,Buy,471
LINDEINDIA,10,Buy,472
LLOYDSENGG,1,Buy,473
LLOYDSENT,1,Buy,474
LLOYDSME,1,Buy,475
LMW,10,Buy,476
LODHA,10,Buy,477
LOKESHMACH,10,Buy,478
LORDSCHLO,10,Buy,479
LOTUSEYE,10,Buy,480
LOVABLE,10,Buy,481
LOYALTEX,10,Buy,482
LPDC,1,Buy,483
LT,2,Buy,484
LTF,10,Buy,485
LTFOODS,1,Buy,486
LTIM,1,Buy,487
LTTS,2,Buy,488
LUMAXIND,10,Buy,489
LUMAXTECH,2,Buy,490
LUPIN,2,Buy,491
LUXIND,2,Buy,492
LXCHEM,2,Buy,493
LYKALABS,10,Buy,494
LYPSAGEMS,10,Buy,495
M&M,5,Buy,496
M&MFIN,2,Buy,497
MAANALU,5,Buy,498
MACPOWER,10,Buy,499
MADHAV,10,Buy,500
MADHUCON,1,Buy,501
MADRASFERT,10,Buy,502
MAGADSUGAR,10,Buy,503
MAGNUM,10,Buy,504
MAHABANK,10,Buy,505
MAHAPEXLTD,10,Buy,506
MAHASTEEL,10,Buy,507
MAHEPC,10,Buy,508
MAHESHWARI,10,Buy,509
MAHLIFE,10,Buy,510
MAHLIFE-RE,10,Buy,511
MAHLOG,10,Buy,512
MAHSCOOTER,10,Buy,513
MAHSEAMLES,5,Buy,514
MAITHANALL,10,Buy,515
MALLCOM,10,Buy,516
MALUPAPER,10,Buy,517
MAMATA,10,Buy,518
MANAKALUCO,1,Buy,519
MANAKCOAT,1,Buy,520
MANAKSIA,2,Buy,521
MANAKSTEEL,1,Buy,522
MANALIPETC,5,Buy,523
MANAPPURAM,2,Buy,524
MANBA,10,Buy,525
MANCREDIT,10,Buy,526
MANGALAM,10,Buy,527
MANGCHEFER,10,Buy,528
MANGLMCEM,10,Buy,529
MANINDS,5,Buy,530
MANINFRA,2,Buy,531
MANKIND,1,Buy,532
MANOMAY,10,Buy,533
MANORAMA,2,Buy,534
MANORG,10,Buy,535
MANUGRAPH,2,Buy,536
MANYAVAR,1,Buy,537
MAPMYINDIA,2,Buy,538
MARALOVER,10,Buy,539
MARATHON,5,Buy,540
MARICO,1,Buy,541
MARINE,2,Buy,542
MARKSANS,1,Buy,543
MARUTI,5,Buy,544
MASFIN,10,Buy,545
MASKINVEST,10,Buy,546
MASTEK,5,Buy,547
MASTERTR,1,Buy,548
MATRIMONY,5,Buy,549
MAWANASUG,10,Buy,550
MAXESTATES,10,Buy,551
MAXHEALTH,10,Buy,552
MAXIND,10,Buy,553
MAYURUNIQ,5,Buy,554
MAZDA,2,Buy,555
MAZDOCK,5,Buy,556
MBAPL,10,Buy,557
MBLINFRA,10,Buy,558
MCL,5,Buy,559
MCLEODRUSS,5,Buy,560
MCLOUD,2,Buy,561
MCX,10,Buy,562
MEDANTA,2,Buy,563
MEDIASSIST,5,Buy,564
MEDICAMEQ,10,Buy,565
MEDICO,2,Buy,566
MEDPLUS,2,Buy,567
MEGASOFT,10,Buy,568
MEGASTAR,10,Buy,569
MENONBE,1,Buy,570
MEP,10,Buy,571
METROBRAND,5,Buy,572
METROPOLIS,2,Buy,573
MFML,10,Buy,574
MFSL,2,Buy,575
MGEL,1,Buy,576
MGL,10,Buy,577
MHLXMIRU,10,Buy,578
MHRIL,10,Buy,579
MICEL,2,Buy,580
MIDHANI,10,Buy,581
MINDACORP,2,Buy,582
MINDTECK,10,Buy,583
MIRCELECTR,1,Buy,584
MIRZAINT,2,Buy,585
MITCON,10,Buy,586
MITTAL,1,Buy,587
MKPL,1,Buy,588
MMFL,10,Buy,589
MMP,10,Buy,590
MMTC,1,Buy,591
MOBIKWIK,2,Buy,592
MODIRUBBER,10,Buy,593
MODISONLTD,1,Buy,594
MODTHREAD,10,Buy,595
MOHITIND,10,Buy,596
MOIL,10,Buy,597
MOKSH,2,Buy,598
MOL,1,Buy,599
MOLDTECH,2,Buy,600
MOLDTKPAC,5,Buy,601
MONARCH,10,Buy,602
MONTECARLO,10,Buy,603
MOREPENLAB,2,Buy,604
MOSCHIP,2,Buy,605
MOTHERSON,1,Buy,606
MOTILALOFS,1,Buy,607
MOTISONS,1,Buy,608
MOTOGENFIN,5,Buy,609
MPHASIS,10,Buy,610
MPSLTD,10,Buy,611
MRF,10,Buy,612
MRPL,10,Buy,613
MSPL,10,Buy,614
MSTCLTD,10,Buy,615
MSUMI,1,Buy,616
MTARTECH,10,Buy,617
MTEDUCARE,10,Buy,618
MTNL,10,Buy,619
MUFIN,1,Buy,620
MUFTI,2,Buy,621
MUKANDLTD,10,Buy,622
MUKKA,1,Buy,623
MUKTAARTS,5,Buy,624
MUNJALAU,2,Buy,625
MUNJALSHOW,2,Buy,626
MURUDCERA,10,Buy,627
MUTHOOTCAP,10,Buy,628
MUTHOOTFIN,10,Buy,629
MUTHOOTMF,10,Buy,630
MVGJL,10,Buy,631
NACLIND,1,Buy,632
NAGAFERT,1,Buy,633
NAGREEKCAP,5,Buy,634
NAGREEKEXP,5,Buy,635
NAHARCAP,5,Buy,636
NAHARINDUS,10,Buy,637
NAHARPOLY,5,Buy,638
NAHARSPING,5,Buy,639
NAM-INDIA,10,Buy,640
NARMADA,10,Buy,641
NATCAPSUQ,10,Buy,642
NATCOPHARM,2,Buy,643
NATHBIOGEN,10,Buy,644
NATIONALUM,5,Buy,645
NAUKRI,2,Buy,646
NAVA,1,Buy,647
NAVINFLUOR,2,Buy,648
NAVKARCORP,10,Buy,649
NAVKARURB,1,Buy,650
NAVNETEDUL,2,Buy,651
NAZARA,4,Buy,652
NBCC,1,Buy,653
NBIFIN,5,Buy,654
NCC,2,Buy,655
NCLIND,10,Buy,656
NDGL,10,Buy,657
NDL,1,Buy,658
NDLVENTURE,10,Buy,659
NDRAUTO,10,Buy,660
NDTV,4,Buy,661
NECCLTD,10,Buy,662
NECLIFE,1,Buy,663
NELCAST,2,Buy,664
NELCO,10,Buy,665
NEOGEN,10,Buy,666
NESCO,2,Buy,667
NESTLEIND,1,Buy,668
NETWEB,2,Buy,669
NETWORK18,5,Buy,670
NEULANDLAB,10,Buy,671
NEWGEN,10,Buy,672
NEXTMEDIA,10,Buy,673
NFL,10,Buy,674
NGIL,10,Buy,675
NGLFINE,5,Buy,676
NH,10,Buy,677
NHPC,10,Buy,678
NIACL,5,Buy,679
NIBE,10,Buy,680
NIBL,2,Buy,681
NIITLTD,2,Buy,682
NIITMTS,2,Buy,683
NILAINFRA,1,Buy,684
NILASPACES,1,Buy,685
NILKAMAL,10,Buy,686
NINSYS,10,Buy,687
NIPPOBATRY,5,Buy,688
NIRAJ,10,Buy,689
NIRAJISPAT,10,Buy,690
NITCO,10,Buy,691
NITINSPIN,10,Buy,692
NITIRAJ,10,Buy,693
NIVABUPA,10,Buy,694
NKIND,10,Buy,695
NLCINDIA,10,Buy,696
NMDC,1,Buy,697
NOCIL,10,Buy,698
NOIDATOLL,10,Buy,699
NORBTEAEXP,10,Buy,700
NORTHARC,10,Buy,701
NOVAAGRI,2,Buy,702
NPST,10,Buy,703
NRAIL,10,Buy,704
NRBBEARING,2,Buy,705
NRL,10,Buy,706
NSIL,10,Buy,707
NSLNISP,10,Buy,708
NTPC,10,Buy,709
NTPCGREEN,10,Buy,710
NUCLEUS,10,Buy,711
NURECA,10,Buy,712
NUVAMA,10,Buy,713
NUVOCO,10,Buy,714
NYKAA,1,Buy,715
OAL,5,Buy,716
OBCL,10,Buy,717
OBEROIRLTY,10,Buy,718
OCCL,10,Buy,719
OCCLLTD,2,Buy,720
ODIGMA,1,Buy,721
OFSS,5,Buy,722
OIL,10,Buy,723
OILCOUNTUB,10,Buy,724
OLAELEC,10,Buy,725
OLECTRA,4,Buy,726
OMAXAUTO,10,Buy,727
OMAXE,10,Buy,728
OMINFRAL,1,Buy,729
ONELIFECAP,10,Buy,730
ONEPOINT,2,Buy,731
ONESOURCE,1,Buy,732
ONGC,5,Buy,733
ONMOBILE,10,Buy,734
ONWARDTEC,10,Buy,735
OPTIEMUS,10,Buy,736
ORBTEXP,10,Buy,737
ORCHASP,2,Buy,738
ORCHPHARMA,10,Buy,739
ORICONENT,2,Buy,740
ORIENTALTL,10,Buy,741
ORIENTBELL,10,Buy,742
ORIENTCEM,1,Buy,743
ORIENTCER,1,Buy,744
ORIENTELEC,1,Buy,745
ORIENTHOT,1,Buy,746
ORIENTLTD,10,Buy,747
ORIENTPPR,1,Buy,748
ORIENTTECH,10,Buy,749
ORISSAMINE,1,Buy,750
ORTINGLOBE,10,Buy,751
OSIAHYPER,1,Buy,752
OSWALAGRO,10,Buy,753
OSWALGREEN,10,Buy,754
OSWALSEEDS,2,Buy,755
PAGEIND,10,Buy,756
PAISALO,1,Buy,757
PAKKA,10,Buy,758
PALASHSECU,10,Buy,759
PALREDTEC,10,Buy,760
PANACEABIO,1,Buy,761
PANACHE,10,Buy,762
PANAMAPET,2,Buy,763
PANSARI,10,Buy,764
PAR,10,Buy,765
PARACABLES,2,Buy,766
PARADEEP,10,Buy,767
PARAGMILK,10,Buy,768
PARAS,10,Buy,769
PARASPETRO,1,Buy,770
PARKHOTELS,1,Buy,771
PARSVNATH,5,Buy,772
PASUPTAC,10,Buy,773
PATANJALI,2,Buy,774
PATELENG,1,Buy,775
PATINTLOG,10,Buy,776
PAVNAIND,10,Buy,777
PAYTM,1,Buy,778
PCBL,1,Buy,779
PCJEWELLER,1,Buy,780
PDMJEPAPER,1,Buy,781
PDSL,2,Buy,782
PEARLPOLY,10,Buy,783
PEL,2,Buy,784
PENIND,5,Buy,785
PENINLAND,2,Buy,786
PERSISTENT,5,Buy,787
PETRONET,10,Buy,788
PFC,10,Buy,789
PFIZER,10,Buy,790
PFOCUS,1,Buy,791
PFS,10,Buy,792
PGEL,1,Buy,793
PGHH,10,Buy,794
PGHL,10,Buy,795
PGIL,5,Buy,796
PHOENIXLTD,2,Buy,797
PIDILITIND,1,Buy,798
PIGL,10,Buy,799
PIIND,1,Buy,800
PILANIINVS,10,Buy,801
PILITA,1,Buy,802
PIONEEREMB,10,Buy,803
PITTIENG,5,Buy,804
PIXTRANS,10,Buy,805
PKTEA,10,Buy,806
PLASTIBLEN,5,Buy,807
PLATIND,10,Buy,808
PLAZACABLE,10,Buy,809
PNB,2,Buy,810
PNBGILTS,10,Buy,811
PNBHOUSING,10,Buy,812
PNC,10,Buy,813
PNCINFRA,2,Buy,814
PNGJL,10,Buy,815
POCL,5,Buy,816
PODDARMENT,10,Buy,817
POKARNA,2,Buy,818
POLICYBZR,2,Buy,819
POLYCAB,10,Buy,820
POLYMED,5,Buy,821
POLYPLEX,10,Buy,822
PONNIERODE,10,Buy,823
POONAWALLA,2,Buy,824
POWERGRID,10,Buy,825
POWERINDIA,2,Buy,826
POWERMECH,10,Buy,827
PPAP,10,Buy,828
PPL,10,Buy,829
PPLPHARMA,10,Buy,830
PRABHA,1,Buy,831
PRAENG,10,Buy,832
PRAJIND,2,Buy,833
PRAKASH,10,Buy,834
PRAKASHSTL,1,Buy,835
PRAXIS,5,Buy,836
PRECAM,10,Buy,837
PRECOT,10,Buy,838
PRECWIRE,1,Buy,839
PREMEXPLN,2,Buy,840
PREMIER,10,Buy,841
PREMIERENE,1,Buy,842
PREMIERPOL,1,Buy,843
PRESTIGE,10,Buy,844
PRICOLLTD,1,Buy,845
PRIMESECU,5,Buy,846
PRIMO,2,Buy,847
PRINCEPIPE,10,Buy,848
PRITI,10,Buy,849
PRITIKAUTO,2,Buy,850
PRIVISCL,10,Buy,851
PROSTARM,10,Buy,852
PROTEAN,10,Buy,853
PROZONER,2,Buy,854
PRSMJOHNSN,10,Buy,855
PRUDENT,5,Buy,856
PRUDMOULI,10,Buy,857
PSB,10,Buy,858
PSPPROJECT,10,Buy,859
PTC,10,Buy,860
PTCIL,10,Buy,861
PTL,1,Buy,862
PUNJABCHEM,10,Buy,863
PURVA,5,Buy,864
PVP,10,Buy,865
PVRINOX,10,Buy,866
PVSL,2,Buy,867
PYRAMID,10,Buy,868
QPOWER,10,Buy,869
QUADFUTURE,10,Buy,870
QUESS,10,Buy,871
QUICKHEAL,10,Buy,872
RACE,10,Buy,873
RACLGEAR,10,Buy,874
RADAAN,2,Buy,875
RADHIKAJWE,2,Buy,876
RADIANTCMS,1,Buy,877
RADICO,2,Buy,878
RADIOCITY,2,Buy,879
RAILTEL,10,Buy,880
RAIN,2,Buy,881
RAINBOW,10,Buy,882
RAJESHEXPO,1,Buy,883
RAJMET,1,Buy,884
RAJOOENG,1,Buy,885
RAJRATAN,2,Buy,886
RAJRILTD,1,Buy,887
RAJSREESUG,10,Buy,888
RAJTV,5,Buy,889
RALLIS,1,Buy,890
RAMANEWS,10,Buy,891
RAMAPHO,5,Buy,892
RAMASTEEL,1,Buy,893
RAMCOCEM,1,Buy,894
RAMCOIND,1,Buy,895
RAMCOSYS,10,Buy,896
RAMKY,10,Buy,897
RAMRAT,5,Buy,898
RANASUG,10,Buy,899
RANEHOLDIN,10,Buy,900
RATEGAIN,1,Buy,901
RATNAMANI,2,Buy,902
RATNAVEER,10,Buy,903
RAYMOND,10,Buy,904
RAYMONDLSL,2,Buy,905
RBA,10,Buy,906
RBLBANK,10,Buy,907
RBZJEWEL,10,Buy,908
RCF,10,Buy,909
RECLTD,10,Buy,910
REDINGTON,2,Buy,911
REDTAPE,2,Buy,912
REFEX,2,Buy,913
REGENCERAM,10,Buy,914
RELAXO,1,Buy,915
RELCHEMQ,10,Buy,916
RELIABLE,10,Buy,917
RELIANCE,10,Buy,918
RELIGARE,10,Buy,919
RELINFRA,10,Buy,920
RELTD,10,Buy,921
REMSONSIND,2,Buy,922
RENUKA,1,Buy,923
REPCOHOME,10,Buy,924
REPL,10,Buy,925
REPRO,10,Buy,926
RESPONIND,1,Buy,927
RETAIL,10,Buy,928
RGL,2,Buy,929
RHFL,10,Buy,930
RHIM,1,Buy,931
RHL,10,Buy,932
RICOAUTO,1,Buy,933
RIIL,10,Buy,934
RISHABH,10,Buy,935
RITCO,10,Buy,936
RITES,10,Buy,937
RKDL,10,Buy,938
RKEC,10,Buy,939
RKFORGE,2,Buy,940
RKSWAMY,5,Buy,941
RML,10,Buy,942
ROHLTD,10,Buy,943
ROLEXRINGS,10,Buy,944
ROLLT,1,Buy,945
ROML,10,Buy,946
ROSSARI,2,Buy,947
ROSSELLIND,2,Buy,948
ROSSTECH,2,Buy,949
ROTO,1,Buy,950
ROUTE,10,Buy,951
RPEL,10,Buy,952
RPGLIFE,8,Buy,953
RPOWER,10,Buy,954
RPPINFRA,10,Buy,955
RPPL,5,Buy,956
RPSGVENT,10,Buy,957
RPTECH,5,Buy,958
RRKABEL,5,Buy,959
RSSOFTWARE,5,Buy,960
RSWM,10,Buy,961
RSYSTEMS,1,Buy,962
RTNINDIA,2,Buy,963
RTNPOWER,10,Buy,964
RUBFILA,5,Buy,965
RUBYMILLS,5,Buy,966
RUCHINFRA,1,Buy,967
RUCHIRA,10,Buy,968
RUPA,1,Buy,969
RUSHIL,1,Buy,970
RUSTOMJEE,10,Buy,971
RVHL,1,Buy,972
RVNL,10,Buy,973
RVTH,10,Buy,974
S&SPOWER,10,Buy,975
SABEVENTS,10,Buy,976
SABTNL,10,Buy,977
SADBHAV,1,Buy,978
SADBHIN,10,Buy,979
SADHNANIQ,1,Buy,980
SAFARI,2,Buy,981
SAGARDEEP,10,Buy,982
SAGCEM,2,Buy,983
SAGILITY,10,Buy,984
SAH,10,Buy,985
SAHYADRI,10,Buy,986
SAIL,10,Buy,987
SAILIFE,1,Buy,988
SAKAR,10,Buy,989
SAKHTISUG,10,Buy,990
SAKSOFT,1,Buy,991
SAKUMA,1,Buy,992
SALASAR,1,Buy,993
SALONA,10,Buy,994
SALSTEEL,10,Buy,995
SALZERELEC,10,Buy,996
SAMBHAAV,1,Buy,997
SAMHI,1,Buy,998
SAMMAANCAP,2,Buy,999
SAMPANN,10,Buy,1000
SANATHAN,10,Buy,1001
SANCO,10,Buy,1002
SANDESH,10,Buy,1003
SANDHAR,10,Buy,1004
SANDUMA,10,Buy,1005
SANGAMIND,10,Buy,1006
SANGHIIND,10,Buy,1007
SANGHVIMOV,1,Buy,1008
SANGINITA,10,Buy,1009
SANOFI,10,Buy,1010
SANOFICONR,10,Buy,1011
SANSERA,2,Buy,1012
SANSTAR,2,Buy,1013
SANWARIA,1,Buy,1014
SAPPHIRE,2,Buy,1015
SARDAEN,1,Buy,1016
SAREGAMA,1,Buy,1017
SARLAPOLY,1,Buy,1018
SARVESHWAR,1,Buy,1019
SASKEN,10,Buy,1020
SASTASUNDR,10,Buy,1021
SATIA,1,Buy,1022
SATIN,10,Buy,1023
SATINDLTD,2,Buy,1024
SAURASHCEM,10,Buy,1025
SBC,1,Buy,1026
SBCL,2,Buy,1027
SBFC,10,Buy,1028
SBGLP,1,Buy,1029
SBICARD,10,Buy,1030
SBILIFE,10,Buy,1031
SBIN,1,Buy,1032
SCHAEFFLER,2,Buy,1033
SCHAND,5,Buy,1034
SCHNEIDER,2,Buy,1035
SCI,10,Buy,1036
SCILAL,10,Buy,1037
SCODATUBES,10,Buy,1038
SCPL,10,Buy,1039
SDBL,2,Buy,1040
SEAMECLTD,10,Buy,1041
SECMARK,10,Buy,1042
SECURKLOUD,5,Buy,1043
SEJALLTD,10,Buy,1044
SELAN,10,Buy,1045
SELMC,10,Buy,1046
SEMAC,10,Buy,1047
SENCO,5,Buy,1048
SENORES,10,Buy,1049
SEPC,10,Buy,1050
SEPC-RE3,10,Buy,1051
SEQUENT,2,Buy,1052
SERVOTECH,1,Buy,1053
SESHAPAPER,2,Buy,1054
SETCO,2,Buy,1055
SETUINFRA,1,Buy,1056
SEYAIND,10,Buy,1057
SFL,5,Buy,1058
SGIL,10,Buy,1059
SGL,10,Buy,1060
SGLTL,10,Buy,1061
SHAH,1,Buy,1062
SHAHALLOYS,10,Buy,1063
SHAILY,2,Buy,1064
SHAKTIPUMP,10,Buy,1065
SHALBY,10,Buy,1066
SHALPAINTS,2,Buy,1067
SHANKARA,10,Buy,1068
SHANTI,10,Buy,1069
SHANTIGEAR,1,Buy,1070
SHARDACROP,10,Buy,1071
SHARDAMOTR,2,Buy,1072
SHAREINDIA,2,Buy,1073
SHEKHAWATI,10,Buy,1074
SHEMAROO,10,Buy,1075
SHILPAMED,1,Buy,1076
SHIVALIK,5,Buy,1077
SHIVAMAUTO,2,Buy,1078
SHIVAMILLS,10,Buy,1079
SHIVATEX,10,Buy,1080
SHK,10,Buy,1081
SHOPERSTOP,5,Buy,1082
SHRADHA,2,Buy,1083
SHREDIGCEM,10,Buy,1084
SHREECEM,10,Buy,1085
SHREEPUSHK,10,Buy,1086
SHREERAMA,5,Buy,1087
SHRENIK,1,Buy,1088
SHREYANIND,10,Buy,1089
SHRIPISTON,10,Buy,1090
SHRIRAMFIN,2,Buy,1091
SHRIRAMPPS,10,Buy,1092
SHYAMCENT,1,Buy,1093
SHYAMMETL,10,Buy,1094
SHYAMTEL,10,Buy,1095
SIEMENS,2,Buy,1096
SIGACHI,1,Buy,1097
SIGIND,10,Buy,1098
SIGMA,10,Buy,1099
SIGNATURE,1,Buy,1100
SIGNPOST,2,Buy,1101
SIKKO,10,Buy,1102
SIL,5,Buy,1103
SILGO,10,Buy,1104
SILINV,10,Buy,1105
SILLYMONKS,10,Buy,1106
SILVERTUC,10,Buy,1107
SIMBHALS,10,Buy,1108
SIMPLEXINF,2,Buy,1109
SINCLAIR,2,Buy,1110
SINDHUTRAD,1,Buy,1111
SINTERCOM,10,Buy,1112
SIRCA,10,Buy,1113
SIS,5,Buy,1114
SITINET,1,Buy,1115
SIYSIL,2,Buy,1116
SJS,10,Buy,1117
SJVN,10,Buy,1118
SKFINDIA,10,Buy,1119
SKIPPER,1,Buy,1120
SKMEGGPROD,10,Buy,1121
SKYGOLD,10,Buy,1122
SMARTLINK,2,Buy,1123
SMCGLOBAL,2,Buy,1124
SMLISUZU,10,Buy,1125
SMLT,10,Buy,1126
SMSLIFE,10,Buy,1127
SMSPHARMA,1,Buy,1128
SNOWMAN,10,Buy,1129
SOBHA,10,Buy,1130
SOFTTECH,10,Buy,1131
SOLARA,10,Buy,1132
SOLARINDS,2,Buy,1133
SOMANYCERA,2,Buy,1134
SOMATEX,10,Buy,1135
SOMICONVEY,10,Buy,1136
SONACOMS,10,Buy,1137
SONAMLTD,5,Buy,1138
SONATSOFTW,1,Buy,1139
SOTL,2,Buy,1140
SOUTHBANK,1,Buy,1141
SOUTHWEST,10,Buy,1142
SPAL,10,Buy,1143
SPANDANA,10,Buy,1144
SPARC,1,Buy,1145
SPCENET,1,Buy,1146
SPECIALITY,10,Buy,1147
SPECTRUM,10,Buy,1148
SPENCERS,5,Buy,1149
SPIC,10,Buy,1150
SPLIL,10,Buy,1151
SPLPETRO,2,Buy,1152
SPMLINFRA,2,Buy,1153
SPORTKING,1,Buy,1154
SRD,10,Buy,1155
SREEL,10,Buy,1156
SRF,10,Buy,1157
SRGHFL,10,Buy,1158
SRHHYPOLTD,10,Buy,1159
SRM,10,Buy,1160
SRPL,1,Buy,1161
SSDL,10,Buy,1162
SSWL,1,Buy,1163
STALLION,10,Buy,1164
STANLEY,2,Buy,1165
STAR,10,Buy,1166
STARCEMENT,1,Buy,1167
STARHEALTH,10,Buy,1168
STARPAPER,10,Buy,1169
STARTECK,10,Buy,1170
STCINDIA,10,Buy,1171
STEELCAS,5,Buy,1172
STEELCITY,10,Buy,1173
STEELXIND,1,Buy,1174
STEL,10,Buy,1175
STERTOOLS,2,Buy,1176
STLTECH,2,Buy,1177
STOVEKRAFT,10,Buy,1178
STYLAMIND,5,Buy,1179
STYLEBAAZA,5,Buy,1180
STYRENIX,10,Buy,1181
SUBEXLTD,5,Buy,1182
SUBROS,2,Buy,1183
SUDARSCHEM,2,Buy,1184
SUKHJITS,5,Buy,1185
SULA,2,Buy,1186
SUMICHEM,10,Buy,1187
SUMIT,10,Buy,1188
SUMMITSEC,10,Buy,1189
SUNCLAY,5,Buy,1190
SUNDARAM,1,Buy,1191
SUNDARMFIN,10,Buy,1192
SUNDARMHLD,5,Buy,1193
SUNDRMBRAK,10,Buy,1194
SUNDRMFAST,1,Buy,1195
SUNDROP,10,Buy,1196
SUNFLAG,10,Buy,1197
SUNPHARMA,1,Buy,1198
SUNTECK,1,Buy,1199
SUNTV,5,Buy,1200
SUPERHOUSE,10,Buy,1201
SUPERSPIN,1,Buy,1202
SUPRAJIT,1,Buy,1203
SUPREME,10,Buy,1204
SUPREMEENG,1,Buy,1205
SUPREMEIND,2,Buy,1206
SUPREMEINF,10,Buy,1207
SUPRIYA,2,Buy,1208
SURAJEST,5,Buy,1209
SURAJLTD,10,Buy,1210
SURAKSHA,2,Buy,1211
SURANASOL,5,Buy,1212
SURANAT&P,1,Buy,1213
SURYALAXMI,10,Buy,1214
SURYAROSNI,5,Buy,1215
SURYODAY,10,Buy,1216
SUTLEJTEX,1,Buy,1217
SUVEN,1,Buy,1218
SUVIDHAA,1,Buy,1219
SUYOG,10,Buy,1220
SUZLON,2,Buy,1221
SVLL,10,Buy,1222
SVPGLOB,1,Buy,1223
SWANENERGY,1,Buy,1224
SWARAJENG,10,Buy,1225
SWELECTES,10,Buy,1226
SWIGGY,1,Buy,1227
SWSOLAR,1,Buy,1228
SYMPHONY,2,Buy,1229
SYNCOMF,1,Buy,1230
SYNGENE,10,Buy,1231
SYRMA,10,Buy,1232
TAINWALCHM,10,Buy,1233
TAJGVK,2,Buy,1234
TAKE,1,Buy,1235
TALBROAUTO,2,Buy,1236
TANLA,1,Buy,1237
TARACHAND,2,Buy,1238
TARAPUR,10,Buy,1239
TARC,2,Buy,1240
TARIL,1,Buy,1241
TARMAT,10,Buy,1242
TARSONS,2,Buy,1243
TASTYBITE,10,Buy,1244
TATACHEM,10,Buy,1245
TATACOMM,10,Buy,1246
TATACONSUM,1,Buy,1247
TATAELXSI,10,Buy,1248
TATAINVEST,10,Buy,1249
TATAMOTORS,2,Buy,1250
TATAPOWER,1,Buy,1251
TATASTEEL,1,Buy,1252
TATATECH,2,Buy,1253
TATVA,10,Buy,1254
TBOTEK,1,Buy,1255
TBZ,10,Buy,1256
TCI,2,Buy,1257
TCIEXP,2,Buy,1258
TCIFINANCE,10,Buy,1259
TCPLPACK,10,Buy,1260
TCS,1,Buy,1261
TDPOWERSYS,2,Buy,1262
TEAMLEASE,10,Buy,1263
TECHM,5,Buy,1264
TECHNOE,2,Buy,1265
TECILCHEM,10,Buy,1266
TEGA,10,Buy,1267
TEJASNET,10,Buy,1268
TEMBO,10,Buy,1269
TERASOFT,10,Buy,1270
TEXINFRA,1,Buy,1271
TEXMOPIPES,10,Buy,1272
TEXRAIL,1,Buy,1273
TFCILTD,10,Buy,1274
TFL,10,Buy,1275
TGBHOTELS,10,Buy,1276
THANGAMAYL,10,Buy,1277
THEINVEST,10,Buy,1278
THEJO,10,Buy,1279
THELEELA,10,Buy,1280
THEMISMED,1,Buy,1281
THERMAX,2,Buy,1282
THOMASCOOK,1,Buy,1283
THOMASCOTT,10,Buy,1284
THYROCARE,10,Buy,1285
TI,10,Buy,1286
TICL,1,Buy,1287
TIIL,10,Buy,1288
TIINDIA,1,Buy,1289
TIJARIA,10,Buy,1290
TIL,10,Buy,1291
TIMESGTY,10,Buy,1292
TIMETECHNO,1,Buy,1293
TIMKEN,10,Buy,1294
TINNARUBR,10,Buy,1295
TIPSFILMS,10,Buy,1296
TIPSMUSIC,1,Buy,1297
TIRUMALCHM,1,Buy,1298
TIRUPATIFL,2,Buy,1299
TITAGARH,2,Buy,1300
TITAN,1,Buy,1301
TMB,10,Buy,1302
TNPETRO,10,Buy,1303
TNPL,10,Buy,1304
TNTELE,10,Buy,1305
TOKYOPLAST,10,Buy,1306
TOLINS,5,Buy,1307
TORNTPHARM,5,Buy,1308
TORNTPOWER,10,Buy,1309
TOTAL,10,Buy,1310
TOUCHWOOD,10,Buy,1311
TPHQ,1,Buy,1312
TPLPLASTEH,2,Buy,1313
TRACXN,1,Buy,1314
TRANSRAILL,2,Buy,1315
TRANSWORLD,10,Buy,1316
TREEHOUSE,10,Buy,1317
TREJHARA,10,Buy,1318
TREL,2,Buy,1319
TRENT,1,Buy,1320
TRF,10,Buy,1321
TRIDENT,1,Buy,1322
TRIGYN,10,Buy,1323
TRITURBINE,1,Buy,1324
TRIVENI,1,Buy,1325
TRU,2,Buy,1326
TTKHLTCARE,10,Buy,1327
TTKPRESTIG,1,Buy,1328
TTL,1,Buy,1329
TTML,10,Buy,1330
TVSELECT,10,Buy,1331
TVSHLTD,5,Buy,1332
TVSMOTOR,1,Buy,1333
TVSSCS,1,Buy,1334
TVSSRICHAK,10,Buy,1335
TVTODAY,5,Buy,1336
TVVISION,10,Buy,1337
UBL,1,Buy,1338
UCAL,10,Buy,1339
UCOBANK,10,Buy,1340
UDAICEMENT,4,Buy,1341
UDS,10,Buy,1342
UFLEX,10,Buy,1343
UFO,10,Buy,1344
UGARSUGAR,1,Buy,1345
UGROCAP,10,Buy,1346
UJJIVANSFB,10,Buy,1347
ULTRACEMCO,10,Buy,1348
UMAEXPORTS,10,Buy,1349
UMANGDAIRY,5,Buy,1350
UMESLTD,1,Buy,1351
UMIYA-MRO,5,Buy,1352
UNICHEMLAB,2,Buy,1353
UNIDT,10,Buy,1354
UNIECOM,1,Buy,1355
UNIENTER,2,Buy,1356
UNIINFO,10,Buy,1357
UNIMECH,5,Buy,1358
UNIONBANK,10,Buy,1359
UNIPARTS,10,Buy,1360
UNITDSPR,2,Buy,1361
UNITECH,2,Buy,1362
UNITEDPOLY,1,Buy,1363
UNITEDTEA,10,Buy,1364
UNIVASTU,10,Buy,1365
UNIVCABLES,10,Buy,1366
UNIVPHOTO,10,Buy,1367
UNOMINDA,2,Buy,1368
UPL,2,Buy,1369
URAVIDEF,10,Buy,1370
URJA,1,Buy,1371
USHAMART,1,Buy,1372
USK,10,Buy,1373
UTIAMC,10,Buy,1374
UTKARSHBNK,10,Buy,1375
UTTAMSUGAR,10,Buy,1376
UYFINCORP,5,Buy,1377
V2RETAIL,10,Buy,1378
VADILALIND,10,Buy,1379
VAIBHAVGBL,2,Buy,1380
VAISHALI,2,Buy,1381
VAKRANGEE,1,Buy,1382
VALIANTLAB,10,Buy,1383
VALIANTORG,10,Buy,1384
VARDHACRLC,10,Buy,1385
VARDMNPOLY,1,Buy,1386
VARROC,1,Buy,1387
VASCONEQ,10,Buy,1388
VASWANI,10,Buy,1389
VBL,2,Buy,1390
VCL,1,Buy,1391
VEDL,1,Buy,1392
VEEDOL,2,Buy,1393
VENKEYS,10,Buy,1394
VENTIVE,1,Buy,1395
VENUSPIPES,10,Buy,1396
VENUSREM,10,Buy,1397
VERANDA,10,Buy,1398
VERTOZ,1,Buy,1399
VESUVIUS,1,Buy,1400
VETO,10,Buy,1401
VGUARD,1,Buy,1402
VHL,10,Buy,1403
VHLTD,10,Buy,1404
VIDHIING,1,Buy,1405
VIJAYA,1,Buy,1406
VIJIFIN,1,Buy,1407
VIKASECO,1,Buy,1408
VIKASLIFE,1,Buy,1409
VIMTALABS,2,Buy,1410
VINATIORGA,1,Buy,1411
VINCOFE,10,Buy,1412
VINDHYATEL,10,Buy,1413
VINEETLAB,10,Buy,1414
VINNY,1,Buy,1415
VINYLINDIA,1,Buy,1416
VIPCLOTHNG,2,Buy,1417
VIPIND,2,Buy,1418
VIPULLTD,1,Buy,1419
VIRINCHI,10,Buy,1420
VISAKAIND,2,Buy,1421
VISASTEEL,10,Buy,1422
VISHNU,2,Buy,1423
VISHWARAJ,2,Buy,1424
VIVIDHA,1,Buy,1425
VLEGOV,10,Buy,1426
VLSFINANCE,10,Buy,1427
VMART,10,Buy,1428
VMM,10,Buy,1429
VOLTAMP,10,Buy,1430
VOLTAS,1,Buy,1431
VPRPL,10,Buy,1432
VRAJ,10,Buy,1433
VRLLOG,10,Buy,1434
VSSL,10,Buy,1435
VSTIND,10,Buy,1436
VSTL,10,Buy,1437
VSTTILLERS,10,Buy,1438
VTL,2,Buy,1439
WAAREEENER,10,Buy,1440
WAAREERTL,2,Buy,1441
WABAG,2,Buy,1442
WALCHANNAG,2,Buy,1443
WANBURY,10,Buy,1444
WCIL,5,Buy,1445
WEALTH,10,Buy,1446
WEBELSOLAR,10,Buy,1447
WEIZMANIND,10,Buy,1448
WEL,1,Buy,1449
WELCORP,5,Buy,1450
WELENT,10,Buy,1451
WELINV,10,Buy,1452
WELSPUNLIV,1,Buy,1453
WENDT,10,Buy,1454
WESTLIFE,2,Buy,1455
WEWIN,10,Buy,1456
WHEELS,10,Buy,1457
WHIRLPOOL,10,Buy,1458
WILLAMAGOR,10,Buy,1459
WINDLAS,5,Buy,1460
WINDMACHIN,2,Buy,1461
WINSOME,10,Buy,1462
WIPL,10,Buy,1463
WIPRO,2,Buy,1464
WOCKPHARMA,5,Buy,1465
WONDERLA,10,Buy,1466
WORTH,10,Buy,1467
WSI,10,Buy,1468
WSTCSTPAPR,2,Buy,1469
XCHANGING,10,Buy,1470
XELPMOC,10,Buy,1471
XPROINDIA,10,Buy,1472
XTGLOBAL,1,Buy,1473
YAARI,2,Buy,1474
YASHO,10,Buy,1475
YATHARTH,10,Buy,1476
YATRA,1,Buy,1477
YESBANK,2,Buy,1478
YUKEN,10,Buy,1479
ZAGGLE,1,Buy,1480
ZEEL,1,Buy,1481
ZEELEARN,1,Buy,1482
ZEEMEDIA,1,Buy,1483
ZENITHEXPO,10,Buy,1484
ZENITHSTL,10,Buy,1485
ZENSARTECH,2,Buy,1486
ZENTEC,1,Buy,1487
ZFCVINDIA,5,Buy,1488
ZIMLAB,10,Buy,1489
ZODIAC,10,Buy,1490
ZODIACLOTH,10,Buy,1491
ZOTA,10,Buy,1492
ZUARI,10,Buy,1493
ZUARIIND,10,Buy,1494
ZYDUSLIFE,1,Buy,1495
ZYDUSWELL,10,Buy,1496
ABSLFTTIDG,10,Buy,50
ABSLFTTIDN,10,Buy,51
ABSLFTTIRG,10,Buy,52
ABSLFTTIRN,10,Buy,53
ABSLFTTJDG,10,Buy,54
ABSLFTTJDN,10,Buy,55
ABSLFTTJRG,10,Buy,56
ABSLFTTJRN,10,Buy,57
ABSLFTTQDG,10,Buy,58
ABSLFTTQDN,10,Buy,59
ABSLFTTQRG,10,Buy,60
ABSLFTTQRN,10,Buy,61
ABSLFTUBDG,10,Buy,62
ABSLFTUBRG,10,Buy,63
ABSLFTUBRN,10,Buy,64
ABSLFTUJDG,10,Buy,65
ABSLFTUJDN,10,Buy,66
ABSLFTUJRG,10,Buy,67
ABSLFTUJRN,10,Buy,68
BPF01D1D,10,Buy,69
BPF01D1R,10,Buy,70
BPF01D2G,10,Buy,71
BPF01D3D,10,Buy,72
BPF01D3R,10,Buy,73
BPF01GPG,10,Buy,74
BPF01MDD,10,Buy,75
BPF01MDR,10,Buy,76
BPF01QDD,10,Buy,77
BPF01QDR,10,Buy,78
BPF02D1R,1000,Buy,79
BPF02D2G,1000,Buy,80
BPF02D3D,1000,Buy,81
BPF02D3R,1000,Buy,82
BPF02D4D,1000,Buy,83
BPF02D4R,1000,Buy,84
BPF02D5R,1000,Buy,85
BPF02IDR,1000,Buy,86
BPF02IGG,1000,Buy,87
BPF02IMD,1000,Buy,88
BPF02IMR,1000,Buy,89
BPF02IQD,1000,Buy,90
BPF02IWR,1000,Buy,91
BPF02RDR,1000,Buy,92
BPF02RGG,1000,Buy,93
BPF02RMD,1000,Buy,94
BPF02RMR,1000,Buy,95
BPF02RWR,1000,Buy,96
BSLIFQPIDG,10,Buy,97
BSLIQPIIDP,10,Buy,98
BSLIQPIRDP,10,Buy,99
BSLIQPIRG,10,Buy,100
DPGOP,10,Buy,101
F13DG,10,Buy,102
F13RG,10,Buy,103
F13RP,10,Buy,104
FICRF3DP,1,Buy,105
FICRF3GP,1,Buy,106
FICRFD3DPD,1,Buy,107
FICRFD3GPD,1,Buy,108
FISTIP3GP,1,Buy,109
FISTIP3MDP,1,Buy,110
FISTIP3QDP,1,Buy,111
FISTIP3WDP,1,Buy,112
FISTIPD3GP,1,Buy,113
FISTIPD3MD,1,Buy,114
FISTIPD3QD,1,Buy,115
FISTIPD3WD,1,Buy,116
FISTIPIP3G,1,Buy,117
H1158D46DD,10,Buy,118
H1158D46DG,10,Buy,119
H1158D46DQ,10,Buy,120
H1158D46RD,10,Buy,121
H1158D46RG,10,Buy,122
H1158D46RQ,10,Buy,123
H1861D46DD,10,Buy,124
H1861D46DG,10,Buy,125
H1861D46DQ,10,Buy,126
H1861D46RD,10,Buy,127
H1861D46RG,10,Buy,128
H1861D46RQ,10,Buy,129
H187646RG,10,Buy,130
H1876D46DD,10,Buy,131
H1876D46DG,10,Buy,132
H1876D46DQ,10,Buy,133
H1876D46RD,10,Buy,134
H1876D46RQ,10,Buy,135
HDFC1204DD,10,Buy,136
HDFC1204DG,10,Buy,137
HDFC1204DQ,10,Buy,138
HDFC1204RD,10,Buy,139
HDFC1204RG,10,Buy,140
HDFC1204RQ,10,Buy,141
HDFC1359DD,10,Buy,142
HDFC1359DG,10,Buy,143
HDFC1359DQ,10,Buy,144
HDFC1359RD,10,Buy,145
HDFC1359RG,10,Buy,146
HDFC1359RQ,10,Buy,147
HDFC1406DD,10,Buy,148
HDFC1406DG,10,Buy,149
HDFC1406DQ,10,Buy,150
HDFC1406RD,10,Buy,151
HDFC1406RG,10,Buy,152
HDFC1406RQ,10,Buy,153
HDFC2638DG,10,Buy,154
HDFC2638DQ,10,Buy,155
HDFC2638RD,10,Buy,156
HDFC2638RG,10,Buy,157
HDFC2638RQ,10,Buy,158
HFMPCC50DD,10,Buy,159
HFMPCC50RD,10,Buy,160
HFMPCC75DD,10,Buy,161
HFMPCC75RD,10,Buy,162
HFMPM23DGR,10,Buy,163
HFMPM23DND,10,Buy,164
HFMPM23DQD,10,Buy,165
HFMPM23RGR,10,Buy,166
HFMPM23RND,10,Buy,167
HFMPM23RQD,10,Buy,168
IF3DPD,1,Buy,169
IF3GPD,1,Buy,170
IFD3DPD,1,Buy,171
IFD3GPD,1,Buy,172
NMFINAIDR1,10,Buy,173
NMFINARDR1,10,Buy,174
NMFINQIDP1,10,Buy,175
NMFINQRAG1,10,Buy,176
NMFINQRDP1,10,Buy,177
PGIMCSA1G,10,Buy,178
PGIMCSA2D,10,Buy,179
PGIMCSA3D,10,Buy,180
PGIMCSA4D,10,Buy,181
PGIMCSR1D,10,Buy,182
PGIMCSR2G,10,Buy,183
PGIMCSR3D,10,Buy,184
PGIMCSR4D,10,Buy,185
RMFINMRDR2,10,Buy,186
RMFINMRGG2,10,Buy,187
SFMP1DD,10,Buy,188
SFMP1DR,10,Buy,189
SFMP1GD,10,Buy,190
SFMP1GR,10,Buy,191
SFMP42DD,10,Buy,192
SFMP42DR,10,Buy,193
SFMP42GD,10,Buy,194
SFMP42GR,10,Buy,195
SFMP43DD,10,Buy,196
SFMP43DR,10,Buy,197
SFMP43GD,10,Buy,198
SFMP43GR,10,Buy,199
SFMP47DD,10,Buy,200
SFMP47DR,10,Buy,201
SFMP47GD,10,Buy,202
SFMP47GR,10,Buy,203
SFMP48DD,10,Buy,204
SFMP48DR,10,Buy,205
SFMP48GD,10,Buy,206
SFMP48GR,10,Buy,207
SFMP49DD,10,Buy,208
SFMP49DR,10,Buy,209
SFMP49GD,10,Buy,210
SFMP49GR,10,Buy,211
SFMP50DD,10,Buy,212
SFMP50DR,10,Buy,213
SFMP50GD,10,Buy,214
SFMP50GR,10,Buy,215
SFMP61DD,10,Buy,216
SFMP61DR,10,Buy,217
SFMP61GD,10,Buy,218
SFMP61GR,10,Buy,219
SFMP64DD,10,Buy,220
SFMP64DR,10,Buy,221
SFMP64GD,10,Buy,222
SFMP64GR,10,Buy,223
SFMP6DD,10,Buy,224
SFMP6DR,10,Buy,225
SFMP6GD,10,Buy,226
SFMP6GR,10,Buy,227
SFMP72DD,10,Buy,228
SFMP72DR,10,Buy,229
SFMP72GD,10,Buy,230
SFMP72GR,10,Buy,231
SFMP73DD,10,Buy,232
SFMP73DR,10,Buy,233
SFMP73GD,10,Buy,234
SFMP73GR,10,Buy,235
SFMP74DD,10,Buy,236
SFMP74DR,10,Buy,237
SFMP74GD,10,Buy,238
SFMP74GR,10,Buy,239
UTFDAIPIGI,10,Buy,240
UTFDAIPIPI,10,Buy,241
UTFIAIPIGI,10,Buy,242
UTFIAIPRGI,10,Buy,243
UTFIAIPRPI,10,Buy,244
UTFIAIPRRI,10,Buy,245
UTIDAP35P1,10,Buy,246
UTIDAP35P2,10,Buy,247
UTIDAP35P3,10,Buy,248
UTIDFP35P2,10,Buy,249
UTIDGR35P1,10,Buy,250
UTIDGR35P2,10,Buy,251
UTIDGR35P3,10,Buy,252
UTIDGR36P1,10,Buy,253
UTIDMP35P1,10,Buy,254
UTIDMP35P2,10,Buy,255
UTIDMP35P3,10,Buy,256
UTIDPP36P1,10,Buy,257
UTIDQP35P1,10,Buy,258
UTIDQP35P2,10,Buy,259
UTIDQP35P3,10,Buy,260
UTIRAP35P1,10,Buy,261
UTIRAP35P2,10,Buy,262
UTIRAP35P3,10,Buy,263
UTIRFP35P1,10,Buy,264
UTIRFP35P2,10,Buy,265
UTIRFP35P3,10,Buy,266
UTIRGR35P1,10,Buy,267
UTIRGR35P2,10,Buy,268
UTIRGR35P3,10,Buy,269
UTIRGR36P1,10,Buy,270
UTIRMP35P1,10,Buy,271
UTIRMP35P2,10,Buy,272
UTIRPP36P1,10,Buy,273
UTIRQP35P1,10,Buy,274
UTIRQP35P2,10,Buy,275
UTIRQP35P3,10,Buy,276
